module	monet_type	experiment_info	function_summary	term_id_GO_BP	term_id_KEGG	term_id_REAC	goslim_pir	genes_orig	genes_hugo	genes_descriptions
4	R1	e019_R1	positive regulation of nucleotide biosynthetic process	GO:0030810	NA	NA	GO:0050789	3;323;711;872;880;934;935;936;1148;1149;1721;1915;2024;2162;2163;2457;2462;2474;2978;3565	None;APBB2;ERC2-IT1;CIDEA;EEF1A1;F13A1;GUCA1A;IL4	None ~ amyloid beta precursor protein binding family B member 2 [Source:HGNC Symbol;Acc:HGNC:582] ~ ERC2 intronic transcript 1 [Source:HGNC Symbol;Acc:HGNC:1229] ~ cell death inducing DFFA like effector a [Source:HGNC Symbol;Acc:HGNC:1976] ~ eukaryotic translation elongation factor 1 alpha 1 [Source:HGNC Symbol;Acc:HGNC:3189] ~ coagulation factor XIII A chain [Source:HGNC Symbol;Acc:HGNC:3531] ~ guanylate cyclase activator 1A [Source:HGNC Symbol;Acc:HGNC:4678] ~ interleukin 4 [Source:HGNC Symbol;Acc:HGNC:6014]
15	R1	e019_R1	regulation of actin binding	GO:1904616	NA	NA	GO:0065009	25;352;809;810;1091;1211;1286;1400;1731;2299;2434;2785;2826;3067;6874	ABL1;None;CALML3;CLTA;COL4A4;CRMP1;SEPTIN1;FOXI1;GNG3;CCR10;HDC;TAF4	ABL proto-oncogene 1, non-receptor tyrosine kinase [Source:HGNC Symbol;Acc:HGNC:76] ~ None ~ calmodulin like 3 [Source:HGNC Symbol;Acc:HGNC:1452] ~ clathrin light chain A [Source:HGNC Symbol;Acc:HGNC:2090] ~ collagen type IV alpha 4 chain [Source:HGNC Symbol;Acc:HGNC:2206] ~ collapsin response mediator protein 1 [Source:HGNC Symbol;Acc:HGNC:2365] ~ septin 1 [Source:HGNC Symbol;Acc:HGNC:2879] ~ forkhead box I1 [Source:HGNC Symbol;Acc:HGNC:3815] ~ G protein subunit gamma 3 [Source:HGNC Symbol;Acc:HGNC:4405] ~ C-C motif chemokine receptor 10 [Source:HGNC Symbol;Acc:HGNC:4474] ~ histidine decarboxylase [Source:HGNC Symbol;Acc:HGNC:4855] ~ TATA-box binding protein associated factor 4 [Source:HGNC Symbol;Acc:HGNC:11537]
19	R1	e019_R1	positive regulation of mast cell chemotaxis	GO:0060754	NA	NA	GO:0050789	29;137;163;414;564;1072;1114;1503;2574;3730;4495;4947;4952;5228;5856;6453;7423	ABR;None;AP2B1;ARSD;CFL1;CHGB;CTPS1;GAGE12F;ANOS1;MT1G;OAZ2;OCRL;PGF;ITSN1;VEGFB	ABR activator of RhoGEF and GTPase [Source:HGNC Symbol;Acc:HGNC:81] ~ None ~ adaptor related protein complex 2 subunit beta 1 [Source:HGNC Symbol;Acc:HGNC:563] ~ arylsulfatase D [Source:HGNC Symbol;Acc:HGNC:717] ~ cofilin 1 [Source:HGNC Symbol;Acc:HGNC:1874] ~ chromogranin B [Source:HGNC Symbol;Acc:HGNC:1930] ~ CTP synthase 1 [Source:HGNC Symbol;Acc:HGNC:2519] ~ G antigen 12F [Source:HGNC Symbol;Acc:HGNC:31906] ~ anosmin 1 [Source:HGNC Symbol;Acc:HGNC:6211] ~ metallothionein 1G [Source:HGNC Symbol;Acc:HGNC:7399] ~ ornithine decarboxylase antizyme 2 [Source:HGNC Symbol;Acc:HGNC:8096] ~ OCRL inositol polyphosphate-5-phosphatase [Source:HGNC Symbol;Acc:HGNC:8108] ~ placental growth factor [Source:HGNC Symbol;Acc:HGNC:8893] ~ intersectin 1 [Source:HGNC Symbol;Acc:HGNC:6183] ~ vascular endothelial growth factor B [Source:HGNC Symbol;Acc:HGNC:12681]
20	R1	e019_R1	modulation of excitatory postsynaptic potential	GO:0098815	NA	NA	GO:0050789;GO:0065008	30;397;565;1558;1796;1843;2726;3486;3667;4488;4708;4798;5079;5485;5590;6543;6547;6803	ACAA1;ARHGDIB;None;CYP2C8;DOK1;DUSP1;IGFBP3;IRS1;MSX2;NDUFB2;NFRKB;PAX5;PRKCZ;SLC8A2;SLC8A3	acetyl-CoA acyltransferase 1 [Source:HGNC Symbol;Acc:HGNC:82] ~ Rho GDP dissociation inhibitor beta [Source:HGNC Symbol;Acc:HGNC:679] ~ None ~ cytochrome P450 family 2 subfamily C member 8 [Source:HGNC Symbol;Acc:HGNC:2622] ~ docking protein 1 [Source:HGNC Symbol;Acc:HGNC:2990] ~ dual specificity phosphatase 1 [Source:HGNC Symbol;Acc:HGNC:3064] ~ insulin like growth factor binding protein 3 [Source:HGNC Symbol;Acc:HGNC:5472] ~ insulin receptor substrate 1 [Source:HGNC Symbol;Acc:HGNC:6125] ~ msh homeobox 2 [Source:HGNC Symbol;Acc:HGNC:7392] ~ NADH:ubiquinone oxidoreductase subunit B2 [Source:HGNC Symbol;Acc:HGNC:7697] ~ nuclear factor related to kappaB binding protein [Source:HGNC Symbol;Acc:HGNC:7802] ~ paired box 5 [Source:HGNC Symbol;Acc:HGNC:8619] ~ protein kinase C zeta [Source:HGNC Symbol;Acc:HGNC:9412] ~ solute carrier family 8 member A2 [Source:HGNC Symbol;Acc:HGNC:11069] ~ solute carrier family 8 member A3 [Source:HGNC Symbol;Acc:HGNC:11070]
31	R1	e019_R1	Lysosome	NA	KEGG:04142	NA	NA	47;65;69;161;168;169;179;236;467;468;469;470;471;473;474;475;1012;1095;1105;1367;1398;1501;1502;1504;1505;1506;1507;1508;1510;1511;1512;1513;1514;1516;1518;1521;1522;1525;1527;1528;1529;1531;1567;1758;2176;2268;2269;2272;2279;2310;2576;2577;2929;3162;3215;3231;3233;3236;3462;3546;3637;3650;3656;3677;3712;3747;3765;3908;3986;4015;4653;4698;4799;4802;4828;5076;5818;6060;6579	ACLY;None;AP2A2;ATF3;ATF4;ATIC;RERE;ATOH1;ATOX1;CDH13;CHD1;CRK;CTNND2;CTRB1;CTRL;CTSB;CTSE;CTSG;CTSH;CTSK;CTSL;CTSW;CTSZ;CXADR;TEX28;CYB5A;DMP1;FANCC;FGR;FHIT;FOXO3B;GAGE12G;GAGE12F;HMOX1;HOXB5;HOXD1;HOXD4;HOXD10;IRAK2;IVD;KCNC2;KCNJ9;LAMA2;LOX;MYOC;NDUFA5;NFX1;NFYC;NMB;PAX2;NECTIN1;RNU1-4;SLCO1A2	ATP citrate lyase [Source:HGNC Symbol;Acc:HGNC:115] ~ None ~ adaptor related protein complex 2 subunit alpha 2 [Source:HGNC Symbol;Acc:HGNC:562] ~ activating transcription factor 3 [Source:HGNC Symbol;Acc:HGNC:785] ~ activating transcription factor 4 [Source:HGNC Symbol;Acc:HGNC:786] ~ 5-aminoimidazole-4-carboxamide ribonucleotide formyltransferase/IMP cyclohydrolase [Source:HGNC Symbol;Acc:HGNC:794] ~ arginine-glutamic acid dipeptide repeats [Source:HGNC Symbol;Acc:HGNC:9965] ~ atonal bHLH transcription factor 1 [Source:HGNC Symbol;Acc:HGNC:797] ~ antioxidant 1 copper chaperone [Source:HGNC Symbol;Acc:HGNC:798] ~ cadherin 13 [Source:HGNC Symbol;Acc:HGNC:1753] ~ chromodomain helicase DNA binding protein 1 [Source:HGNC Symbol;Acc:HGNC:1915] ~ CRK proto-oncogene, adaptor protein [Source:HGNC Symbol;Acc:HGNC:2362] ~ catenin delta 2 [Source:HGNC Symbol;Acc:HGNC:2516] ~ chymotrypsinogen B1 [Source:HGNC Symbol;Acc:HGNC:2521] ~ chymotrypsin like [Source:HGNC Symbol;Acc:HGNC:2524] ~ cathepsin B [Source:HGNC Symbol;Acc:HGNC:2527] ~ cathepsin E [Source:HGNC Symbol;Acc:HGNC:2530] ~ cathepsin G [Source:HGNC Symbol;Acc:HGNC:2532] ~ cathepsin H [Source:HGNC Symbol;Acc:HGNC:2535] ~ cathepsin K [Source:HGNC Symbol;Acc:HGNC:2536] ~ cathepsin L [Source:HGNC Symbol;Acc:HGNC:2537] ~ cathepsin W [Source:HGNC Symbol;Acc:HGNC:2546] ~ cathepsin Z [Source:HGNC Symbol;Acc:HGNC:2547] ~ CXADR Ig-like cell adhesion molecule [Source:HGNC Symbol;Acc:HGNC:2559] ~ testis expressed 28 [Source:HGNC Symbol;Acc:HGNC:2563] ~ cytochrome b5 type A [Source:HGNC Symbol;Acc:HGNC:2570] ~ dentin matrix acidic phosphoprotein 1 [Source:HGNC Symbol;Acc:HGNC:2932] ~ FA complementation group C [Source:HGNC Symbol;Acc:HGNC:3584] ~ FGR proto-oncogene, Src family tyrosine kinase [Source:HGNC Symbol;Acc:HGNC:3697] ~ fragile histidine triad diadenosine triphosphatase [Source:HGNC Symbol;Acc:HGNC:3701] ~ forkhead box O3B [Source:HGNC Symbol;Acc:HGNC:3822] ~ G antigen 12G [Source:HGNC Symbol;Acc:HGNC:31907] ~ G antigen 12F [Source:HGNC Symbol;Acc:HGNC:31906] ~ heme oxygenase 1 [Source:HGNC Symbol;Acc:HGNC:5013] ~ homeobox B5 [Source:HGNC Symbol;Acc:HGNC:5116] ~ homeobox D1 [Source:HGNC Symbol;Acc:HGNC:5132] ~ homeobox D4 [Source:HGNC Symbol;Acc:HGNC:5138] ~ homeobox D10 [Source:HGNC Symbol;Acc:HGNC:5133] ~ interleukin 1 receptor associated kinase 2 [Source:HGNC Symbol;Acc:HGNC:6113] ~ isovaleryl-CoA dehydrogenase [Source:HGNC Symbol;Acc:HGNC:6186] ~ potassium voltage-gated channel subfamily C member 2 [Source:HGNC Symbol;Acc:HGNC:6234] ~ potassium inwardly rectifying channel subfamily J member 9 [Source:HGNC Symbol;Acc:HGNC:6270] ~ laminin subunit alpha 2 [Source:HGNC Symbol;Acc:HGNC:6482] ~ lysyl oxidase [Source:HGNC Symbol;Acc:HGNC:6664] ~ myocilin [Source:HGNC Symbol;Acc:HGNC:7610] ~ NADH:ubiquinone oxidoreductase subunit A5 [Source:HGNC Symbol;Acc:HGNC:7688] ~ nuclear transcription factor, X-box binding 1 [Source:HGNC Symbol;Acc:HGNC:7803] ~ nuclear transcription factor Y subunit gamma [Source:HGNC Symbol;Acc:HGNC:7806] ~ neuromedin B [Source:HGNC Symbol;Acc:HGNC:7842] ~ paired box 2 [Source:HGNC Symbol;Acc:HGNC:8616] ~ nectin cell adhesion molecule 1 [Source:HGNC Symbol;Acc:HGNC:9706] ~ RNA, U1 small nuclear 4 [Source:HGNC Symbol;Acc:HGNC:10128] ~ solute carrier organic anion transporter family member 1A2 [Source:HGNC Symbol;Acc:HGNC:10956]
44	R1	e019_R1	negative regulation of cyclin-dependent protein serine/threonine kinase activity / Cell cycle / Cyclin D associated events in G1	GO:0045736	KEGG:04110	REAC:R-HSA-69231	GO:0065009;GO:0050789	74;241;349;532;1022;1023;1024;1025;1026;1027;1028;1029;1032;1104;1305;2165;2902;3648	None;ALOX5AP;CDK7;CDK8;CDK9;CDKN1A;CDKN1B;CDKN1C;CDKN2A;CDKN2D;RCC1;COL13A1;F13B;GRIN1	None ~ arachidonate 5-lipoxygenase activating protein [Source:HGNC Symbol;Acc:HGNC:436] ~ cyclin dependent kinase 7 [Source:HGNC Symbol;Acc:HGNC:1778] ~ cyclin dependent kinase 8 [Source:HGNC Symbol;Acc:HGNC:1779] ~ cyclin dependent kinase 9 [Source:HGNC Symbol;Acc:HGNC:1780] ~ cyclin dependent kinase inhibitor 1A [Source:HGNC Symbol;Acc:HGNC:1784] ~ cyclin dependent kinase inhibitor 1B [Source:HGNC Symbol;Acc:HGNC:1785] ~ cyclin dependent kinase inhibitor 1C [Source:HGNC Symbol;Acc:HGNC:1786] ~ cyclin dependent kinase inhibitor 2A [Source:HGNC Symbol;Acc:HGNC:1787] ~ cyclin dependent kinase inhibitor 2D [Source:HGNC Symbol;Acc:HGNC:1790] ~ regulator of chromosome condensation 1 [Source:HGNC Symbol;Acc:HGNC:1913] ~ collagen type XIII alpha 1 chain [Source:HGNC Symbol;Acc:HGNC:2190] ~ coagulation factor XIII B chain [Source:HGNC Symbol;Acc:HGNC:3534] ~ glutamate ionotropic receptor NMDA type subunit 1 [Source:HGNC Symbol;Acc:HGNC:4584]
47	R1	e019_R1	regulation of potassium ion transmembrane transporter activity	GO:1901016	NA	NA	GO:0065009;GO:0050789	88;89;287;288;641;701;743;1322;2144;4078;5029;5903	ACTN2;ACTN3;ANK2;ANK3;BLM;BUB1B;None;P2RY2;RANBP2	actinin alpha 2 [Source:HGNC Symbol;Acc:HGNC:164] ~ actinin alpha 3 [Source:HGNC Symbol;Acc:HGNC:165] ~ ankyrin 2 [Source:HGNC Symbol;Acc:HGNC:493] ~ ankyrin 3 [Source:HGNC Symbol;Acc:HGNC:494] ~ BLM RecQ like helicase [Source:HGNC Symbol;Acc:HGNC:1058] ~ BUB1 mitotic checkpoint serine/threonine kinase B [Source:HGNC Symbol;Acc:HGNC:1149] ~ None ~ purinergic receptor P2Y2 [Source:HGNC Symbol;Acc:HGNC:8541] ~ RAN binding protein 2 [Source:HGNC Symbol;Acc:HGNC:9848]
57	R1	e019_R1	Cushing syndrome / RAF activation	NA	KEGG:04934	REAC:R-HSA-5673000	NA	115;126;148;441;462;634;636;673;816;817;818;1052;1228;1229;1538;1596;2199;2631;2665;2679;2720;3133;3251;3613;4441;4461	ADCY9;ADH1C;ADRA1A;None;SERPINC1;CEACAM1;BICD1;BRAF;CAMK2B;CAMK2D;CAMK2G;CEBPD;CYLC1;FBLN2;NIPSNAP2;GDI2;GLB1;HLA-E;HPRT1;IMPA2	adenylate cyclase 9 [Source:HGNC Symbol;Acc:HGNC:240] ~ alcohol dehydrogenase 1C (class I), gamma polypeptide [Source:HGNC Symbol;Acc:HGNC:251] ~ adrenoceptor alpha 1A [Source:HGNC Symbol;Acc:HGNC:277] ~ None ~ serpin family C member 1 [Source:HGNC Symbol;Acc:HGNC:775] ~ CEA cell adhesion molecule 1 [Source:HGNC Symbol;Acc:HGNC:1814] ~ BICD cargo adaptor 1 [Source:HGNC Symbol;Acc:HGNC:1049] ~ B-Raf proto-oncogene, serine/threonine kinase [Source:HGNC Symbol;Acc:HGNC:1097] ~ calcium/calmodulin dependent protein kinase II beta [Source:HGNC Symbol;Acc:HGNC:1461] ~ calcium/calmodulin dependent protein kinase II delta [Source:HGNC Symbol;Acc:HGNC:1462] ~ calcium/calmodulin dependent protein kinase II gamma [Source:HGNC Symbol;Acc:HGNC:1463] ~ CCAAT enhancer binding protein delta [Source:HGNC Symbol;Acc:HGNC:1835] ~ cylicin 1 [Source:HGNC Symbol;Acc:HGNC:2582] ~ fibulin 2 [Source:HGNC Symbol;Acc:HGNC:3601] ~ nipsnap homolog 2 [Source:HGNC Symbol;Acc:HGNC:4179] ~ GDP dissociation inhibitor 2 [Source:HGNC Symbol;Acc:HGNC:4227] ~ galactosidase beta 1 [Source:HGNC Symbol;Acc:HGNC:4298] ~ major histocompatibility complex, class I, E [Source:HGNC Symbol;Acc:HGNC:4962] ~ hypoxanthine phosphoribosyltransferase 1 [Source:HGNC Symbol;Acc:HGNC:5157] ~ inositol monophosphatase 2 [Source:HGNC Symbol;Acc:HGNC:6051]
63	R1	e019_R1	negative regulation of cell differentiation	GO:0045596	NA	NA	GO:0050789	124;627;2505;2542;2546;2547;2653;2664;3250;3256;5167;5728;5764;5809;5819	ADH1A;BDNF;None;SLC37A4;XRCC6;GCSH;GDI1;HPR;ENPP1;PTEN;PTN;NECTIN2	alcohol dehydrogenase 1A (class I), alpha polypeptide [Source:HGNC Symbol;Acc:HGNC:249] ~ brain derived neurotrophic factor [Source:HGNC Symbol;Acc:HGNC:1033] ~ None ~ solute carrier family 37 member 4 [Source:HGNC Symbol;Acc:HGNC:4061] ~ X-ray repair cross complementing 6 [Source:HGNC Symbol;Acc:HGNC:4055] ~ glycine cleavage system protein H [Source:HGNC Symbol;Acc:HGNC:4208] ~ GDP dissociation inhibitor 1 [Source:HGNC Symbol;Acc:HGNC:4226] ~ haptoglobin-related protein [Source:HGNC Symbol;Acc:HGNC:5156] ~ ectonucleotide pyrophosphatase/phosphodiesterase 1 [Source:HGNC Symbol;Acc:HGNC:3356] ~ phosphatase and tensin homolog [Source:HGNC Symbol;Acc:HGNC:9588] ~ pleiotrophin [Source:HGNC Symbol;Acc:HGNC:9630] ~ nectin cell adhesion molecule 2 [Source:HGNC Symbol;Acc:HGNC:9707]
64	R1	e019_R1	ethanol oxidation / Tyrosine metabolism / Ethanol oxidation	GO:0006069	KEGG:00350	REAC:R-HSA-71384	GO:0006066;GO:0006091	125;127;130;275;425;1630;1736;1966;1985;3475;3477;3485;3685	ADH1B;ADH4;ADH6;AMT;None;DCC;DKC1;IFRD1;IGFBP2;ITGAV	alcohol dehydrogenase 1B (class I), beta polypeptide [Source:HGNC Symbol;Acc:HGNC:250] ~ alcohol dehydrogenase 4 (class II), pi polypeptide [Source:HGNC Symbol;Acc:HGNC:252] ~ alcohol dehydrogenase 6 (class V) [Source:HGNC Symbol;Acc:HGNC:255] ~ aminomethyltransferase [Source:HGNC Symbol;Acc:HGNC:473] ~ None ~ DCC netrin 1 receptor [Source:HGNC Symbol;Acc:HGNC:2701] ~ dyskerin pseudouridine synthase 1 [Source:HGNC Symbol;Acc:HGNC:2890] ~ interferon related developmental regulator 1 [Source:HGNC Symbol;Acc:HGNC:5456] ~ insulin like growth factor binding protein 2 [Source:HGNC Symbol;Acc:HGNC:5471] ~ integrin subunit alpha V [Source:HGNC Symbol;Acc:HGNC:6150]
75	R1	e019_R1	desensitization of G protein-coupled receptor signaling pathway	GO:0002029	NA	NA	GO:0050789	156;157;906;938;1694;3411;3666;4765;5408;5692	GRK2;GRK3;None;PNLIPRP2;PSMB4	G protein-coupled receptor kinase 2 [Source:HGNC Symbol;Acc:HGNC:289] ~ G protein-coupled receptor kinase 3 [Source:HGNC Symbol;Acc:HGNC:290] ~ None ~ pancreatic lipase related protein 2 (gene/pseudogene) [Source:HGNC Symbol;Acc:HGNC:9157] ~ proteasome 20S subunit beta 4 [Source:HGNC Symbol;Acc:HGNC:9541]
77	R1	e019_R1	antigen processing and presentation of lipid antigen via MHC class Ib	GO:0048003	NA	NA	GO:0002376	160;544;912;913;1770;2066;3880;4040;4736;4967;6038;7275	AP2A1;None;CD1D;CD1E;DNAH9;ERBB4;KRT19;LRP6;RPL10A;OGDH;RNASE4;TUB	adaptor related protein complex 2 subunit alpha 1 [Source:HGNC Symbol;Acc:HGNC:561] ~ None ~ CD1d molecule [Source:HGNC Symbol;Acc:HGNC:1637] ~ CD1e molecule [Source:HGNC Symbol;Acc:HGNC:1638] ~ dynein axonemal heavy chain 9 [Source:HGNC Symbol;Acc:HGNC:2953] ~ erb-b2 receptor tyrosine kinase 4 [Source:HGNC Symbol;Acc:HGNC:3432] ~ keratin 19 [Source:HGNC Symbol;Acc:HGNC:6436] ~ LDL receptor related protein 6 [Source:HGNC Symbol;Acc:HGNC:6698] ~ ribosomal protein L10a [Source:HGNC Symbol;Acc:HGNC:10299] ~ oxoglutarate dehydrogenase [Source:HGNC Symbol;Acc:HGNC:8124] ~ ribonuclease A family member 4 [Source:HGNC Symbol;Acc:HGNC:10047] ~ TUB bipartite transcription factor [Source:HGNC Symbol;Acc:HGNC:12406]
90	R1	e019_R1	negative regulation of oxidative stress-induced cell death	GO:1903202	NA	NA	GO:0050789	200;207;346;652;993;1419;2031;2164;3586;4780;4913	None;AKT1;APOC4;BMP4;CDC25A;CRYGB;IL10;NFE2L2;NTHL1	None ~ AKT serine/threonine kinase 1 [Source:HGNC Symbol;Acc:HGNC:391] ~ apolipoprotein C4 [Source:HGNC Symbol;Acc:HGNC:611] ~ bone morphogenetic protein 4 [Source:HGNC Symbol;Acc:HGNC:1071] ~ cell division cycle 25A [Source:HGNC Symbol;Acc:HGNC:1725] ~ crystallin gamma B [Source:HGNC Symbol;Acc:HGNC:2409] ~ interleukin 10 [Source:HGNC Symbol;Acc:HGNC:5962] ~ NFE2 like bZIP transcription factor 2 [Source:HGNC Symbol;Acc:HGNC:7782] ~ nth like DNA glycosylase 1 [Source:HGNC Symbol;Acc:HGNC:8028]
98	R1	e019_R1	fasciculation of motor neuron axon / EPHA-mediated growth cone collapse	GO:0097156	NA	REAC:R-HSA-3928663	GO:0008037;GO:0016043	221;305;1489;2029;2042;2043;2044;2615;3813;4414;5014;5093;5202;5264;5478;5727;5736;5783;6140	ALDH3B1;None;CTF1;ENSA;EPHA3;EPHA4;EPHA5;LRRC32;PCBP1;PFDN2;PHYH;PPIA;PTCH1;PTPN13	aldehyde dehydrogenase 3 family member B1 [Source:HGNC Symbol;Acc:HGNC:410] ~ None ~ cardiotrophin 1 [Source:HGNC Symbol;Acc:HGNC:2499] ~ endosulfine alpha [Source:HGNC Symbol;Acc:HGNC:3360] ~ EPH receptor A3 [Source:HGNC Symbol;Acc:HGNC:3387] ~ EPH receptor A4 [Source:HGNC Symbol;Acc:HGNC:3388] ~ EPH receptor A5 [Source:HGNC Symbol;Acc:HGNC:3389] ~ leucine rich repeat containing 32 [Source:HGNC Symbol;Acc:HGNC:4161] ~ poly(rC) binding protein 1 [Source:HGNC Symbol;Acc:HGNC:8647] ~ prefoldin subunit 2 [Source:HGNC Symbol;Acc:HGNC:8867] ~ phytanoyl-CoA 2-hydroxylase [Source:HGNC Symbol;Acc:HGNC:8940] ~ peptidylprolyl isomerase A [Source:HGNC Symbol;Acc:HGNC:9253] ~ patched 1 [Source:HGNC Symbol;Acc:HGNC:9585] ~ protein tyrosine phosphatase non-receptor type 13 [Source:HGNC Symbol;Acc:HGNC:9646]
100	R1	e019_R1	Evasion of Oxidative Stress Induced Senescence Due to p16INK4A Defects	NA	NA	REAC:R-HSA-9632693	NA	227;237;535;1019;1020;1021;1033;1036;1120;1884;1885;1886;1905;1906;1991;2318;2385;2386;2387;2880;4203;5471;6173;6514	None;ATP6V0A1;CDK4;CDK5;CDK6;CDKN3;CDO1;CHKB;EDN1;ELANE;FLNC;GPX5;PPAT;RPL36A;SLC2A2	None ~ ATPase H+ transporting V0 subunit a1 [Source:HGNC Symbol;Acc:HGNC:865] ~ cyclin dependent kinase 4 [Source:HGNC Symbol;Acc:HGNC:1773] ~ cyclin dependent kinase 5 [Source:HGNC Symbol;Acc:HGNC:1774] ~ cyclin dependent kinase 6 [Source:HGNC Symbol;Acc:HGNC:1777] ~ cyclin dependent kinase inhibitor 3 [Source:HGNC Symbol;Acc:HGNC:1791] ~ cysteine dioxygenase type 1 [Source:HGNC Symbol;Acc:HGNC:1795] ~ choline kinase beta [Source:HGNC Symbol;Acc:HGNC:1938] ~ endothelin 1 [Source:HGNC Symbol;Acc:HGNC:3176] ~ elastase, neutrophil expressed [Source:HGNC Symbol;Acc:HGNC:3309] ~ filamin C [Source:HGNC Symbol;Acc:HGNC:3756] ~ glutathione peroxidase 5 [Source:HGNC Symbol;Acc:HGNC:4557] ~ phosphoribosyl pyrophosphate amidotransferase [Source:HGNC Symbol;Acc:HGNC:9238] ~ ribosomal protein L36a [Source:HGNC Symbol;Acc:HGNC:10359] ~ solute carrier family 2 member 2 [Source:HGNC Symbol;Acc:HGNC:11006]
101	R1	e019_R1	Nucleotide excision repair	NA	KEGG:03420	NA	NA	229;663;664;665;774;1265;1484;1536;1679;2046;2047;2049;2050;2052;2053;2054;2055;2056;2057;2058;2059;2060;2061;2062;2063;2065;2067;2069;2070;2071;2072;2073;2074;2075;2076;2077;2078;2079;2080;2081;2082;2083;2084;2085;2086;2087;2092;2093;2094;2095;2098;2104;2105;2106;2107;2108;2110;2112;2113;2114;2115;2116;2117;2118;2119;2120;2121;2122;2124;2125;2126;2127;2497;2537;2538;3039;3151;3626;4016;4389;4512;5325;7091;7366;7477	ALDOB;BNIP2;BNIP3;BNIP3L;CACNA1B;CNN2;None;CYBB;EPHA8;EPHB1;EPHB3;EPHB4;EPHX1;EPHX2;STX2;CLN8;EPO;EPOR;EPRS1;EPS8;EPS15;NR2F6;ERBB3;ERCC1;EREG;EYA4;ERCC3;ERCC4;ERCC5;ERCC6;ERF;ERG;ERH;ERN1;ERV3-1;ESD;ESRRG;ETF1;ETFA;ETFDH;ETS1;ETS2;ETV1;ETV2;ETV3;ETV4;ETV5;ETV6;EVC;MECOM;EVI2B;EVPL;IFI6;G6PC1;HBA1;HMGN2;INHBC;LOXL1;MT-CO1;PLAGL1;TLE4;UGT2B15;WNT7B	aldolase, fructose-bisphosphate B [Source:HGNC Symbol;Acc:HGNC:417] ~ BCL2 interacting protein 2 [Source:HGNC Symbol;Acc:HGNC:1083] ~ BCL2 interacting protein 3 [Source:HGNC Symbol;Acc:HGNC:1084] ~ BCL2 interacting protein 3 like [Source:HGNC Symbol;Acc:HGNC:1085] ~ calcium voltage-gated channel subunit alpha1 B [Source:HGNC Symbol;Acc:HGNC:1389] ~ calponin 2 [Source:HGNC Symbol;Acc:HGNC:2156] ~ None ~ cytochrome b-245 beta chain [Source:HGNC Symbol;Acc:HGNC:2578] ~ EPH receptor A8 [Source:HGNC Symbol;Acc:HGNC:3391] ~ EPH receptor B1 [Source:HGNC Symbol;Acc:HGNC:3392] ~ EPH receptor B3 [Source:HGNC Symbol;Acc:HGNC:3394] ~ EPH receptor B4 [Source:HGNC Symbol;Acc:HGNC:3395] ~ epoxide hydrolase 1 [Source:HGNC Symbol;Acc:HGNC:3401] ~ epoxide hydrolase 2 [Source:HGNC Symbol;Acc:HGNC:3402] ~ syntaxin 2 [Source:HGNC Symbol;Acc:HGNC:3403] ~ CLN8 transmembrane ER and ERGIC protein [Source:HGNC Symbol;Acc:HGNC:2079] ~ erythropoietin [Source:HGNC Symbol;Acc:HGNC:3415] ~ erythropoietin receptor [Source:HGNC Symbol;Acc:HGNC:3416] ~ glutamyl-prolyl-tRNA synthetase 1 [Source:HGNC Symbol;Acc:HGNC:3418] ~ epidermal growth factor receptor pathway substrate 8 [Source:HGNC Symbol;Acc:HGNC:3420] ~ epidermal growth factor receptor pathway substrate 15 [Source:HGNC Symbol;Acc:HGNC:3419] ~ nuclear receptor subfamily 2 group F member 6 [Source:HGNC Symbol;Acc:HGNC:7977] ~ erb-b2 receptor tyrosine kinase 3 [Source:HGNC Symbol;Acc:HGNC:3431] ~ ERCC excision repair 1, endonuclease non-catalytic subunit [Source:HGNC Symbol;Acc:HGNC:3433] ~ epiregulin [Source:HGNC Symbol;Acc:HGNC:3443] ~ EYA transcriptional coactivator and phosphatase 4 [Source:HGNC Symbol;Acc:HGNC:3522] ~ ERCC excision repair 3, TFIIH core complex helicase subunit [Source:HGNC Symbol;Acc:HGNC:3435] ~ ERCC excision repair 4, endonuclease catalytic subunit [Source:HGNC Symbol;Acc:HGNC:3436] ~ ERCC excision repair 5, endonuclease [Source:HGNC Symbol;Acc:HGNC:3437] ~ ERCC excision repair 6, chromatin remodeling factor [Source:HGNC Symbol;Acc:HGNC:3438] ~ ETS2 repressor factor [Source:HGNC Symbol;Acc:HGNC:3444] ~ ETS transcription factor ERG [Source:HGNC Symbol;Acc:HGNC:3446] ~ ERH mRNA splicing and mitosis factor [Source:HGNC Symbol;Acc:HGNC:3447] ~ endoplasmic reticulum to nucleus signaling 1 [Source:HGNC Symbol;Acc:HGNC:3449] ~ endogenous retrovirus group 3 member 1, envelope [Source:HGNC Symbol;Acc:HGNC:3454] ~ esterase D [Source:HGNC Symbol;Acc:HGNC:3465] ~ estrogen related receptor gamma [Source:HGNC Symbol;Acc:HGNC:3474] ~ eukaryotic translation termination factor 1 [Source:HGNC Symbol;Acc:HGNC:3477] ~ electron transfer flavoprotein subunit alpha [Source:HGNC Symbol;Acc:HGNC:3481] ~ electron transfer flavoprotein dehydrogenase [Source:HGNC Symbol;Acc:HGNC:3483] ~ ETS proto-oncogene 1, transcription factor [Source:HGNC Symbol;Acc:HGNC:3488] ~ ETS proto-oncogene 2, transcription factor [Source:HGNC Symbol;Acc:HGNC:3489] ~ ETS variant transcription factor 1 [Source:HGNC Symbol;Acc:HGNC:3490] ~ ETS variant transcription factor 2 [Source:HGNC Symbol;Acc:HGNC:3491] ~ ETS variant transcription factor 3 [Source:HGNC Symbol;Acc:HGNC:3492] ~ ETS variant transcription factor 4 [Source:HGNC Symbol;Acc:HGNC:3493] ~ ETS variant transcription factor 5 [Source:HGNC Symbol;Acc:HGNC:3494] ~ ETS variant transcription factor 6 [Source:HGNC Symbol;Acc:HGNC:3495] ~ EvC ciliary complex subunit 1 [Source:HGNC Symbol;Acc:HGNC:3497] ~ MDS1 and EVI1 complex locus [Source:HGNC Symbol;Acc:HGNC:3498] ~ ecotropic viral integration site 2B [Source:HGNC Symbol;Acc:HGNC:3500] ~ envoplakin [Source:HGNC Symbol;Acc:HGNC:3503] ~ interferon alpha inducible protein 6 [Source:HGNC Symbol;Acc:HGNC:4054] ~ glucose-6-phosphatase catalytic subunit 1 [Source:HGNC Symbol;Acc:HGNC:4056] ~ hemoglobin subunit alpha 1 [Source:HGNC Symbol;Acc:HGNC:4823] ~ high mobility group nucleosomal binding domain 2 [Source:HGNC Symbol;Acc:HGNC:4986] ~ inhibin subunit beta C [Source:HGNC Symbol;Acc:HGNC:6068] ~ lysyl oxidase like 1 [Source:HGNC Symbol;Acc:HGNC:6665] ~ mitochondrially encoded cytochrome c oxidase I [Source:HGNC Symbol;Acc:HGNC:7419] ~ PLAG1 like zinc finger 1 [Source:HGNC Symbol;Acc:HGNC:9046] ~ TLE family member 4, transcriptional corepressor [Source:HGNC Symbol;Acc:HGNC:11840] ~ UDP glucuronosyltransferase family 2 member B15 [Source:HGNC Symbol;Acc:HGNC:12546] ~ Wnt family member 7B [Source:HGNC Symbol;Acc:HGNC:12787]
106	R1	e019_R1	Collecting duct acid secretion / Insulin receptor recycling	NA	KEGG:04966	REAC:R-HSA-77387	NA	253;322;368;525;527;528;1868;2590;3750;4328;5743	None;APBB1;ABCC6;ATP6V1B1;ATP6V0C;ATP6V1C1;GALNT2;KCND1;PTGS2	None ~ amyloid beta precursor protein binding family B member 1 [Source:HGNC Symbol;Acc:HGNC:581] ~ ATP binding cassette subfamily C member 6 [Source:HGNC Symbol;Acc:HGNC:57] ~ ATPase H+ transporting V1 subunit B1 [Source:HGNC Symbol;Acc:HGNC:853] ~ ATPase H+ transporting V0 subunit c [Source:HGNC Symbol;Acc:HGNC:855] ~ ATPase H+ transporting V1 subunit C1 [Source:HGNC Symbol;Acc:HGNC:856] ~ polypeptide N-acetylgalactosaminyltransferase 2 [Source:HGNC Symbol;Acc:HGNC:4124] ~ potassium voltage-gated channel subfamily D member 1 [Source:HGNC Symbol;Acc:HGNC:6237] ~ prostaglandin-endoperoxide synthase 2 [Source:HGNC Symbol;Acc:HGNC:9605]
111	R1	e019_R1	Digestion of dietary carbohydrate	NA	NA	REAC:R-HSA-189085	NA	277;280;501;777;1180;2397;2701;2828;3121;3252;3349;3924;3932;4764;5063;5074;6021;6112	AMY1B;AMY2B;ALDH7A1;CACNA1E;CLCN1;None;GJA4;GPR4;LCK;PAK3;PAWR	amylase alpha 1B [Source:HGNC Symbol;Acc:HGNC:475] ~ amylase alpha 2B [Source:HGNC Symbol;Acc:HGNC:478] ~ aldehyde dehydrogenase 7 family member A1 [Source:HGNC Symbol;Acc:HGNC:877] ~ calcium voltage-gated channel subunit alpha1 E [Source:HGNC Symbol;Acc:HGNC:1392] ~ chloride voltage-gated channel 1 [Source:HGNC Symbol;Acc:HGNC:2019] ~ None ~ gap junction protein alpha 4 [Source:HGNC Symbol;Acc:HGNC:4278] ~ G protein-coupled receptor 4 [Source:HGNC Symbol;Acc:HGNC:4497] ~ LCK proto-oncogene, Src family tyrosine kinase [Source:HGNC Symbol;Acc:HGNC:6524] ~ p21 (RAC1) activated kinase 3 [Source:HGNC Symbol;Acc:HGNC:8592] ~ pro-apoptotic WT1 regulator [Source:HGNC Symbol;Acc:HGNC:8614]
122	R1	e019_R1	Postsynaptic nicotinic acetylcholine receptors	NA	NA	REAC:R-HSA-622327	GO:0050896	324;326;440;1138;1139;1142;1144;1207;1209;1344;2461;3122;3197;3603;3939;4482;5032	APC;AIRE;ASNS;CHRNA5;CHRNA7;CHRNB3;CHRND;CLNS1A;CLPTM1;None;HLA-DRA;IL16;LDHA;MSRA;P2RY11	APC regulator of WNT signaling pathway [Source:HGNC Symbol;Acc:HGNC:583] ~ autoimmune regulator [Source:HGNC Symbol;Acc:HGNC:360] ~ asparagine synthetase (glutamine-hydrolyzing) [Source:HGNC Symbol;Acc:HGNC:753] ~ cholinergic receptor nicotinic alpha 5 subunit [Source:HGNC Symbol;Acc:HGNC:1959] ~ cholinergic receptor nicotinic alpha 7 subunit [Source:HGNC Symbol;Acc:HGNC:1960] ~ cholinergic receptor nicotinic beta 3 subunit [Source:HGNC Symbol;Acc:HGNC:1963] ~ cholinergic receptor nicotinic delta subunit [Source:HGNC Symbol;Acc:HGNC:1965] ~ chloride nucleotide-sensitive channel 1A [Source:HGNC Symbol;Acc:HGNC:2080] ~ CLPTM1 regulator of GABA type A receptor forward trafficking [Source:HGNC Symbol;Acc:HGNC:2087] ~ None ~ major histocompatibility complex, class II, DR alpha [Source:HGNC Symbol;Acc:HGNC:4947] ~ interleukin 16 [Source:HGNC Symbol;Acc:HGNC:5980] ~ lactate dehydrogenase A [Source:HGNC Symbol;Acc:HGNC:6535] ~ methionine sulfoxide reductase A [Source:HGNC Symbol;Acc:HGNC:7377] ~ purinergic receptor P2Y11 [Source:HGNC Symbol;Acc:HGNC:8540]
126	R1	e019_R1	regulation of lipid localization	GO:1905952	NA	NA	GO:0050789	335;438;821;1001;1102;2180;2182;2222;2587;2963;3569;4118;5111;5280	APOA1;ASMT;CANX;CDH3;RCBTB2;ACSL1;ACSL4;FDFT1;GALR1;GTF2F2;IL6;MAL;PCNA;None	apolipoprotein A1 [Source:HGNC Symbol;Acc:HGNC:600] ~ acetylserotonin O-methyltransferase [Source:HGNC Symbol;Acc:HGNC:750] ~ calnexin [Source:HGNC Symbol;Acc:HGNC:1473] ~ cadherin 3 [Source:HGNC Symbol;Acc:HGNC:1762] ~ RCC1 and BTB domain containing protein 2 [Source:HGNC Symbol;Acc:HGNC:1914] ~ acyl-CoA synthetase long chain family member 1 [Source:HGNC Symbol;Acc:HGNC:3569] ~ acyl-CoA synthetase long chain family member 4 [Source:HGNC Symbol;Acc:HGNC:3571] ~ farnesyl-diphosphate farnesyltransferase 1 [Source:HGNC Symbol;Acc:HGNC:3629] ~ galanin receptor 1 [Source:HGNC Symbol;Acc:HGNC:4132] ~ general transcription factor IIF subunit 2 [Source:HGNC Symbol;Acc:HGNC:4653] ~ interleukin 6 [Source:HGNC Symbol;Acc:HGNC:6018] ~ mal, T cell differentiation protein [Source:HGNC Symbol;Acc:HGNC:6817] ~ proliferating cell nuclear antigen [Source:HGNC Symbol;Acc:HGNC:8729] ~ None
152	R1	e019_R1	Taurine and hypotaurine metabolism	NA	KEGG:00430	NA	GO:0008152	459;595;801;863;1368;2241;2686;2687;4611;4950;5193;6220;6279;6922	None;CCND1;CALM1;CBFA2T3;CPM;FER;GGT7;GGT5;PEX12;S100A8	None ~ cyclin D1 [Source:HGNC Symbol;Acc:HGNC:1582] ~ calmodulin 1 [Source:HGNC Symbol;Acc:HGNC:1442] ~ CBFA2/RUNX1 partner transcriptional co-repressor 3 [Source:HGNC Symbol;Acc:HGNC:1537] ~ carboxypeptidase M [Source:HGNC Symbol;Acc:HGNC:2311] ~ FER tyrosine kinase [Source:HGNC Symbol;Acc:HGNC:3655] ~ gamma-glutamyltransferase 7 [Source:HGNC Symbol;Acc:HGNC:4259] ~ gamma-glutamyltransferase 5 [Source:HGNC Symbol;Acc:HGNC:4260] ~ peroxisomal biogenesis factor 12 [Source:HGNC Symbol;Acc:HGNC:8854] ~ S100 calcium binding protein A8 [Source:HGNC Symbol;Acc:HGNC:10498]
154	R1	e019_R1	CYP2E1 reactions	NA	NA	REAC:R-HSA-211999	NA	465;693;1552;1553;1555;1556;2010;2011;2012;2032;2473;3030;3132;3264;3556;3602;3945;4145	None;CYP2A13;CYP2B6;EMD;MARK2;EMP1;HADHA;IL1RAP;LDHB;MATK	None ~ cytochrome P450 family 2 subfamily A member 13 [Source:HGNC Symbol;Acc:HGNC:2608] ~ cytochrome P450 family 2 subfamily B member 6 [Source:HGNC Symbol;Acc:HGNC:2615] ~ emerin [Source:HGNC Symbol;Acc:HGNC:3331] ~ microtubule affinity regulating kinase 2 [Source:HGNC Symbol;Acc:HGNC:3332] ~ epithelial membrane protein 1 [Source:HGNC Symbol;Acc:HGNC:3333] ~ hydroxyacyl-CoA dehydrogenase trifunctional multienzyme complex subunit alpha [Source:HGNC Symbol;Acc:HGNC:4801] ~ interleukin 1 receptor accessory protein [Source:HGNC Symbol;Acc:HGNC:5995] ~ lactate dehydrogenase B [Source:HGNC Symbol;Acc:HGNC:6541] ~ megakaryocyte-associated tyrosine kinase [Source:HGNC Symbol;Acc:HGNC:6906]
174	R1	e019_R1	Glycine, serine and threonine metabolism	NA	KEGG:00260	NA	NA	583;635;1363;1757;2263;2696;2847;3383;3385;3707;4129;4419;4480;4841;6834	BBS2;BHMT;CPE;SARDH;FGFR2;GIPR;MCHR1;ICAM1;ICAM3;ITPKB;MAOB;None;NONO;SURF1	Bardet-Biedl syndrome 2 [Source:HGNC Symbol;Acc:HGNC:967] ~ betaine--homocysteine S-methyltransferase [Source:HGNC Symbol;Acc:HGNC:1047] ~ carboxypeptidase E [Source:HGNC Symbol;Acc:HGNC:2303] ~ sarcosine dehydrogenase [Source:HGNC Symbol;Acc:HGNC:10536] ~ fibroblast growth factor receptor 2 [Source:HGNC Symbol;Acc:HGNC:3689] ~ gastric inhibitory polypeptide receptor [Source:HGNC Symbol;Acc:HGNC:4271] ~ melanin concentrating hormone receptor 1 [Source:HGNC Symbol;Acc:HGNC:4479] ~ intercellular adhesion molecule 1 [Source:HGNC Symbol;Acc:HGNC:5344] ~ intercellular adhesion molecule 3 [Source:HGNC Symbol;Acc:HGNC:5346] ~ inositol-trisphosphate 3-kinase B [Source:HGNC Symbol;Acc:HGNC:6179] ~ monoamine oxidase B [Source:HGNC Symbol;Acc:HGNC:6834] ~ None ~ non-POU domain containing octamer binding [Source:HGNC Symbol;Acc:HGNC:7871] ~ SURF1 cytochrome c oxidase assembly factor [Source:HGNC Symbol;Acc:HGNC:11474]
184	R1	e019_R1	glutamate receptor signaling pathway	GO:0007215	NA	NA	GO:0050789	684;1678;2891;2895;2897;2899;3104;3152;3343;3622;3660;3681;4679;4792;5134;5267;6150;7101	BST2;TIMM8A;GRIA2;GRID2;GRIK1;GRIK3;ZBTB48;None;ING2;IRF2;ITGAD;NFKBIA;PDCD2;SERPINA4;MRPL23;NR2E1	bone marrow stromal cell antigen 2 [Source:HGNC Symbol;Acc:HGNC:1119] ~ translocase of inner mitochondrial membrane 8A [Source:HGNC Symbol;Acc:HGNC:11817] ~ glutamate ionotropic receptor AMPA type subunit 2 [Source:HGNC Symbol;Acc:HGNC:4572] ~ glutamate ionotropic receptor delta type subunit 2 [Source:HGNC Symbol;Acc:HGNC:4576] ~ glutamate ionotropic receptor kainate type subunit 1 [Source:HGNC Symbol;Acc:HGNC:4579] ~ glutamate ionotropic receptor kainate type subunit 3 [Source:HGNC Symbol;Acc:HGNC:4581] ~ zinc finger and BTB domain containing 48 [Source:HGNC Symbol;Acc:HGNC:4930] ~ None ~ inhibitor of growth family member 2 [Source:HGNC Symbol;Acc:HGNC:6063] ~ interferon regulatory factor 2 [Source:HGNC Symbol;Acc:HGNC:6117] ~ integrin subunit alpha D [Source:HGNC Symbol;Acc:HGNC:6146] ~ NFKB inhibitor alpha [Source:HGNC Symbol;Acc:HGNC:7797] ~ programmed cell death 2 [Source:HGNC Symbol;Acc:HGNC:8762] ~ serpin family A member 4 [Source:HGNC Symbol;Acc:HGNC:8948] ~ mitochondrial ribosomal protein L23 [Source:HGNC Symbol;Acc:HGNC:10322] ~ nuclear receptor subfamily 2 group E member 1 [Source:HGNC Symbol;Acc:HGNC:7973]
190	R1	e019_R1	one-carbon metabolic process / Nitrogen metabolism / FGFR1b ligand binding and activation	GO:0006730	KEGG:00910	REAC:R-HSA-190370	NA	758;759;760;761;769;770;943;2245;2246;2247;2248;2399;2404;2756;3206;3257;3865;7511	MPPED1;CA1;CA2;CA3;None;CA11;TNFRSF8;FGD1;FGF1;FGF2;FGF3;HOXA10;HPS1;XPNPEP1	metallophosphoesterase domain containing 1 [Source:HGNC Symbol;Acc:HGNC:1306] ~ carbonic anhydrase 1 [Source:HGNC Symbol;Acc:HGNC:1368] ~ carbonic anhydrase 2 [Source:HGNC Symbol;Acc:HGNC:1373] ~ carbonic anhydrase 3 [Source:HGNC Symbol;Acc:HGNC:1374] ~ None ~ carbonic anhydrase 11 [Source:HGNC Symbol;Acc:HGNC:1370] ~ TNF receptor superfamily member 8 [Source:HGNC Symbol;Acc:HGNC:11923] ~ FYVE, RhoGEF and PH domain containing 1 [Source:HGNC Symbol;Acc:HGNC:3663] ~ fibroblast growth factor 1 [Source:HGNC Symbol;Acc:HGNC:3665] ~ fibroblast growth factor 2 [Source:HGNC Symbol;Acc:HGNC:3676] ~ fibroblast growth factor 3 [Source:HGNC Symbol;Acc:HGNC:3681] ~ homeobox A10 [Source:HGNC Symbol;Acc:HGNC:5100] ~ HPS1 biogenesis of lysosomal organelles complex 3 subunit 1 [Source:HGNC Symbol;Acc:HGNC:5163] ~ X-prolyl aminopeptidase 1 [Source:HGNC Symbol;Acc:HGNC:12822]
199	R1	e019_R1	MET activates PTK2 signaling	NA	NA	REAC:R-HSA-8874081	NA	855;1278;1493;3082;4393	None;COL1A2;CTLA4;HGF	None ~ collagen type I alpha 2 chain [Source:HGNC Symbol;Acc:HGNC:2198] ~ cytotoxic T-lymphocyte associated protein 4 [Source:HGNC Symbol;Acc:HGNC:2505] ~ hepatocyte growth factor [Source:HGNC Symbol;Acc:HGNC:4893]
208	R1	e019_R1	dopamine receptor signaling pathway / Chagas disease / Adenylate cyclase inhibitory pathway	GO:0007212	KEGG:05142	REAC:R-HSA-170670	GO:0050896;GO:0050789	973;977;2769;2770;2771;2772;2773;2774;2775;2776;6813	CD79A;CD151;GNA15;GNAI1;GNAI2;None;GNAI3;GNAL;GNAO1;GNAQ;STXBP2	CD79a molecule [Source:HGNC Symbol;Acc:HGNC:1698] ~ CD151 molecule (Raph blood group) [Source:HGNC Symbol;Acc:HGNC:1630] ~ G protein subunit alpha 15 [Source:HGNC Symbol;Acc:HGNC:4383] ~ G protein subunit alpha i1 [Source:HGNC Symbol;Acc:HGNC:4384] ~ G protein subunit alpha i2 [Source:HGNC Symbol;Acc:HGNC:4385] ~ None ~ G protein subunit alpha i3 [Source:HGNC Symbol;Acc:HGNC:4387] ~ G protein subunit alpha L [Source:HGNC Symbol;Acc:HGNC:4388] ~ G protein subunit alpha o1 [Source:HGNC Symbol;Acc:HGNC:4389] ~ G protein subunit alpha q [Source:HGNC Symbol;Acc:HGNC:4390] ~ syntaxin binding protein 2 [Source:HGNC Symbol;Acc:HGNC:11445]
227	R1	e019_R1	response to peptide hormone	GO:0043434	NA	NA	GO:0050896	1284;1793;1795;2549;2620;3580;3630;3674;4243;5116;5443;5580;6063;6418;6582;6844;7154	COL4A2;DOCK1;DOCK3;GAB1;GAS2;None;INS;ITGA2B;PCNT;POMC;PRKCD;RNVU1-2A;SET;SLC22A2;VAMP2	collagen type IV alpha 2 chain [Source:HGNC Symbol;Acc:HGNC:2203] ~ dedicator of cytokinesis 1 [Source:HGNC Symbol;Acc:HGNC:2987] ~ dedicator of cytokinesis 3 [Source:HGNC Symbol;Acc:HGNC:2989] ~ GRB2 associated binding protein 1 [Source:HGNC Symbol;Acc:HGNC:4066] ~ growth arrest specific 2 [Source:HGNC Symbol;Acc:HGNC:4167] ~ None ~ insulin [Source:HGNC Symbol;Acc:HGNC:6081] ~ integrin subunit alpha 2b [Source:HGNC Symbol;Acc:HGNC:6138] ~ pericentrin [Source:HGNC Symbol;Acc:HGNC:16068] ~ proopiomelanocortin [Source:HGNC Symbol;Acc:HGNC:9201] ~ protein kinase C delta [Source:HGNC Symbol;Acc:HGNC:9399] ~ RNA, variant U1 small nuclear 2A [Source:HGNC Symbol;Acc:HGNC:54430] ~ SET nuclear proto-oncogene [Source:HGNC Symbol;Acc:HGNC:10760] ~ solute carrier family 22 member 2 [Source:HGNC Symbol;Acc:HGNC:10966] ~ vesicle associated membrane protein 2 [Source:HGNC Symbol;Acc:HGNC:12643]
233	R1	e019_R1	circadian regulation of translation	GO:0097167	NA	NA	GO:0048511;GO:0050789	1408;2051;2418;2563;2591;2705;3142;3184;3196;3889;5187;5656;5731;5777	CRY2;EPHB6;None;GABRD;GALNT3;GJB1;HLX;HNRNPD;TLX2;KRT83;PER1;PTGER1;PTPN6	cryptochrome circadian regulator 2 [Source:HGNC Symbol;Acc:HGNC:2385] ~ EPH receptor B6 [Source:HGNC Symbol;Acc:HGNC:3396] ~ None ~ gamma-aminobutyric acid type A receptor subunit delta [Source:HGNC Symbol;Acc:HGNC:4084] ~ polypeptide N-acetylgalactosaminyltransferase 3 [Source:HGNC Symbol;Acc:HGNC:4125] ~ gap junction protein beta 1 [Source:HGNC Symbol;Acc:HGNC:4283] ~ H2.0 like homeobox [Source:HGNC Symbol;Acc:HGNC:4978] ~ heterogeneous nuclear ribonucleoprotein D [Source:HGNC Symbol;Acc:HGNC:5036] ~ T cell leukemia homeobox 2 [Source:HGNC Symbol;Acc:HGNC:5057] ~ keratin 83 [Source:HGNC Symbol;Acc:HGNC:6460] ~ period circadian regulator 1 [Source:HGNC Symbol;Acc:HGNC:8845] ~ prostaglandin E receptor 1 [Source:HGNC Symbol;Acc:HGNC:9593] ~ protein tyrosine phosphatase non-receptor type 6 [Source:HGNC Symbol;Acc:HGNC:9658]
248	R1	e019_R1	Bladder cancer	NA	KEGG:05219	NA	NA	1870;1871;1872;1873;1875;1876;1877;1878;1880;1882;1883;1887;1888;1890;1891;1893;1894;1896;1898;1902;1904;2980;3056;3369;3560;3941;3989;4074;5095;5898;6211	E2F2;E2F3;None;E2F5;E2F6;E4F1;GPR183;TYMP;ECH1;ECM1;ECT2;EDA;LPAR1;GUCA2A;IL2RB;M6PR;PCCA;RALA	E2F transcription factor 2 [Source:HGNC Symbol;Acc:HGNC:3114] ~ E2F transcription factor 3 [Source:HGNC Symbol;Acc:HGNC:3115] ~ None ~ E2F transcription factor 5 [Source:HGNC Symbol;Acc:HGNC:3119] ~ E2F transcription factor 6 [Source:HGNC Symbol;Acc:HGNC:3120] ~ E4F transcription factor 1 [Source:HGNC Symbol;Acc:HGNC:3121] ~ G protein-coupled receptor 183 [Source:HGNC Symbol;Acc:HGNC:3128] ~ thymidine phosphorylase [Source:HGNC Symbol;Acc:HGNC:3148] ~ enoyl-CoA hydratase 1 [Source:HGNC Symbol;Acc:HGNC:3149] ~ extracellular matrix protein 1 [Source:HGNC Symbol;Acc:HGNC:3153] ~ epithelial cell transforming 2 [Source:HGNC Symbol;Acc:HGNC:3155] ~ ectodysplasin A [Source:HGNC Symbol;Acc:HGNC:3157] ~ lysophosphatidic acid receptor 1 [Source:HGNC Symbol;Acc:HGNC:3166] ~ guanylate cyclase activator 2A [Source:HGNC Symbol;Acc:HGNC:4682] ~ interleukin 2 receptor subunit beta [Source:HGNC Symbol;Acc:HGNC:6009] ~ mannose-6-phosphate receptor, cation dependent [Source:HGNC Symbol;Acc:HGNC:6752] ~ propionyl-CoA carboxylase subunit alpha [Source:HGNC Symbol;Acc:HGNC:8653] ~ RAS like proto-oncogene A [Source:HGNC Symbol;Acc:HGNC:9839]
250	R1	e019_R1	G beta:gamma signalling through CDC42	NA	NA	REAC:R-HSA-8964616	NA	1895;2786;2855;3471;3658;4279;4476;4739;4934;4940;5058;5097;5250;5651	None;GNG4;IREB2;NEDD9;OAS3;PAK1;PCDH1;SLC25A3;TMPRSS15	None ~ G protein subunit gamma 4 [Source:HGNC Symbol;Acc:HGNC:4407] ~ iron responsive element binding protein 2 [Source:HGNC Symbol;Acc:HGNC:6115] ~ neural precursor cell expressed, developmentally down-regulated 9 [Source:HGNC Symbol;Acc:HGNC:7733] ~ 2'-5'-oligoadenylate synthetase 3 [Source:HGNC Symbol;Acc:HGNC:8088] ~ p21 (RAC1) activated kinase 1 [Source:HGNC Symbol;Acc:HGNC:8590] ~ protocadherin 1 [Source:HGNC Symbol;Acc:HGNC:8655] ~ solute carrier family 25 member 3 [Source:HGNC Symbol;Acc:HGNC:10989] ~ transmembrane serine protease 15 [Source:HGNC Symbol;Acc:HGNC:9490]
